rollout/ep_len_mean,time/time_elapsed,time/total_timesteps,train/actor_loss,train/critic_loss,train/ent_coef_loss,rollout/ep_rew_mean,time/episodes,train/learning_rate,time/fps,train/n_updates,train/ent_coef
244.2,618,2442,-1.8373512029647827,1.7293293476104736,-5.9873504638671875,-19.065717399999997,10,0.0003,3,2341,0.10300298035144806
281.3,1328,5626,-5.5257649421691895,1.0852243900299072,-2.3229057788848877,-11.53059345,20,0.0003,4,5525,0.05058442801237106
301.9,2058,9057,-8.265796661376953,0.9796934127807617,0.16870960593223572,-14.280659633333332,30,0.0003,4,8956,0.03794686868786812
298.75,2698,11950,-11.125807762145996,0.7867467999458313,0.14651934802532196,-15.884818849999998,40,0.0003,4,11849,0.044166553765535355
293.38,3325,14669,-10.469515800476074,2.4278690814971924,-1.0638582706451416,-18.368816719999998,50,0.0003,4,14568,0.03510584682226181
281.4,3883,16884,-10.677766799926758,7.289384841918945,-0.22460061311721802,-18.017750616666667,60,0.0003,4,16783,0.04153251275420189
282.8857142857143,4536,19802,-12.855201721191406,3.2908711433410645,-0.34199821949005127,-16.34209082857143,70,0.0003,4,19701,0.05060553550720215
270.4,5055,21632,-13.967964172363281,2.134169101715088,0.0679074376821518,-14.405788387500001,80,0.0003,4,21531,0.04654505103826523
260.43333333333334,5582,23439,-14.563541412353516,1.582754135131836,-0.4772149324417114,-17.410314144444445,90,0.0003,4,23338,0.05115293338894844
258.29,6162,25829,-14.100340843200684,2.183788299560547,-0.3300125002861023,-14.279745730000004,100,0.0003,4,25728,0.05368991941213608
263.9,6835,28832,-14.52343463897705,6.166791915893555,0.16407233476638794,-13.314621769999999,110,0.0003,4,28731,0.05359402671456337
255.51,7409,31177,-14.514738082885742,10.182656288146973,-0.16290882229804993,-16.29461532,120,0.0003,4,31076,0.052206799387931824
243.33,7959,33390,-13.482748031616211,10.092695236206055,-0.061431869864463806,-15.932557630000002,130,0.0003,4,33289,0.05053576081991196
229.57,8431,34907,-13.069753646850586,5.415433883666992,-0.15893244743347168,-19.32679345,140,0.0003,4,34806,0.04638395085930824
235.9,9149,38259,-11.876277923583984,15.293254852294922,-1.473909854888916,-17.913396340000002,150,0.0003,4,38158,0.044608648866415024
256.55,9988,42539,-11.220619201660156,13.889098167419434,-0.40283092856407166,-13.813984229999999,160,0.0003,4,42438,0.04652005434036255
262.82,10743,46084,-11.284322738647461,3.477418899536133,-0.09691901504993439,-12.357226559999997,170,0.0003,4,45983,0.046772394329309464
283.5,11557,49982,-11.663744926452637,3.0496644973754883,-0.036897026002407074,-10.82063913,180,0.0003,4,49881,0.04245816543698311
289.07,12135,52346,-11.563480377197266,10.167518615722656,0.11223109066486359,-7.889113019999999,190,0.0003,4,52245,0.04123349115252495
292.66,12779,55095,-11.144043922424316,4.348374366760254,0.3682963252067566,-9.679870269999999,200,0.0003,4,54994,0.045038703829050064
287.36,13382,57568,-11.368551254272461,56.699790954589844,0.39430102705955505,-8.561559700000002,210,0.0003,4,57467,0.042676977813243866
302.87,14183,61464,-10.340219497680664,2.298089027404785,-0.3463635742664337,-2.6665087499999998,220,0.0003,4,61363,0.04281962290406227
309.38,14841,64328,-10.353836059570312,9.866605758666992,-0.04199965298175812,-1.7184570399999999,230,0.0003,4,64227,0.04212396219372749
321.3,15472,67037,-10.407123565673828,1.476572036743164,0.13929954171180725,6.0965365700000005,240,0.0003,4,66936,0.04181826487183571
313.14,16084,69573,-9.77786636352539,6.246038436889648,0.3303658962249756,6.786774390000001,250,0.0003,4,69472,0.04067320004105568
289.51,16606,71490,-8.750971794128418,4.155757904052734,0.9446637630462646,2.82246128,260,0.0003,4,71389,0.045115794986486435
281.2,17240,74204,-9.219988822937012,3.105461597442627,0.5758731961250305,2.24007588,270,0.0003,4,74103,0.04785088449716568
267.11,17847,76693,-10.447887420654297,1.6084082126617432,0.8538413047790527,-0.6232789000000006,280,0.0003,4,76592,0.047549907118082047
266.65,18449,79011,-10.36148452758789,5.490607261657715,-0.4239446520805359,0.34985916999999955,290,0.0003,4,78910,0.04956437274813652
263.36,19047,81431,-10.138240814208984,2.576458692550659,-0.43795982003211975,0.42928159999999993,300,0.0003,4,81330,0.050722669810056686
252.98,19505,82866,-9.679804801940918,6.140921592712402,-0.10927760601043701,-1.84521296,310,0.0003,4,82765,0.04945286363363266
236.73,20094,85137,-11.223260879516602,1.4893804788589478,0.20146319270133972,-5.163336780000001,320,0.0003,4,85036,0.04851941764354706
230.21,20677,87349,-10.54120922088623,4.0719804763793945,0.06324796378612518,-7.14112364,330,0.0003,4,87248,0.050719164311885834
222.2,21198,89257,-9.446859359741211,5.79667854309082,0.3352527618408203,-10.510731350000004,340,0.0003,4,89156,0.04589129611849785
222.69,21812,91842,-10.689414978027344,4.328699111938477,-0.1814618855714798,-11.6494,350,0.0003,4,91741,0.049196742475032806
226.35,22377,94125,-10.925297737121582,20.390399932861328,-0.4159030020236969,-8.36131657,360,0.0003,4,94024,0.050259895622730255
220.69,22956,96273,-9.902706146240234,5.19923210144043,-0.7286432385444641,-8.96322618,370,0.0003,4,96172,0.04854936897754669
218.16,23537,98509,-10.314208984375,74.37615203857422,0.09599396586418152,-6.7222715399999995,380,0.0003,4,98408,0.04587043821811676
225.87,24213,101598,-9.734392166137695,8.599287033081055,0.39897701144218445,-7.923292710000001,390,0.0003,4,101497,0.04788414016366005
237.98,24990,105229,-9.378890991210938,3.9406352043151855,0.5158164501190186,-6.121662699999999,400,0.0003,4,105128,0.04366435110569
245.16,25565,107382,-8.723690032958984,1.2825570106506348,0.11588400602340698,-5.786106130000002,410,0.0003,4,107281,0.04459483548998833
248.57,26192,109994,-9.11550235748291,1.7125639915466309,-0.12738417088985443,-6.093908049999999,420,0.0003,4,109893,0.040430739521980286
251.85,26837,112534,-8.721494674682617,6.350088119506836,-0.5805463194847107,-4.690954199999998,430,0.0003,4,112433,0.0427561029791832
253.39,27381,114596,-9.385943412780762,3.6237897872924805,-0.2840092182159424,-6.0163883600000005,440,0.0003,4,114495,0.04237351566553116
248.45,27933,116687,-8.152061462402344,5.605656147003174,0.9934144616127014,-4.13856941,450,0.0003,4,116586,0.040216635912656784
252.89,28567,119414,-7.698652267456055,1.4690511226654053,-0.18669173121452332,0.5800737099999995,460,0.0003,4,119313,0.03897625207901001
271.45,29399,123418,-8.042384147644043,4.557948112487793,0.07273982465267181,3.4842969600000004,470,0.0003,4,123317,0.03854725509881973
280.07,30075,126516,-7.793277740478516,8.5067138671875,0.2454533874988556,5.302133529999999,480,0.0003,4,126415,0.035372260957956314
286.23,30826,130221,-7.778545379638672,1.7973170280456543,-0.5056756734848022,5.676819540000001,490,0.0003,4,130120,0.03772851824760437
278.25,31488,133054,-7.980952262878418,5.934932231903076,0.5324751734733582,5.924725990000001,500,0.0003,4,132953,0.038477372378110886
284.19,32126,135801,-9.120821952819824,39.733375549316406,0.03930807113647461,10.246251989999998,510,0.0003,4,135700,0.040211305022239685
281.9,32713,138184,-9.171062469482422,54.38235855102539,-0.04306190460920334,11.92183693,520,0.0003,4,138083,0.03914214298129082
275.88,33254,140122,-8.263535499572754,2.898686408996582,0.04455892741680145,12.790249710000001,530,0.0003,4,140021,0.03696541115641594
279.12,33851,142508,-8.439193725585938,2.285419464111328,0.12165670096874237,16.61354695,540,0.0003,4,142407,0.039795517921447754
283.09,34466,144996,-9.399343490600586,4.643924713134766,-0.613217830657959,18.26752714,550,0.0003,4,144895,0.04111475870013237
279.81,35057,147395,-8.065820693969727,1.499403953552246,-0.19074276089668274,9.83105418,560,0.0003,4,147294,0.040790073573589325
274.4,35793,150858,-8.267831802368164,15.306619644165039,-0.21117088198661804,6.9770587499999985,570,0.0003,4,150757,0.04112818092107773
268.11,36416,153327,-8.329507827758789,7.98702335357666,-0.6072758436203003,8.26137517,580,0.0003,4,153226,0.042173102498054504
256.74,37064,155895,-8.604377746582031,2.763845920562744,-0.728888750076294,14.517709609999999,590,0.0003,4,155794,0.043680012226104736
256.53,37707,158707,-8.743949890136719,6.052770614624023,0.5684049129486084,11.52405404,600,0.0003,4,158606,0.039055366069078445
246.71,38216,160472,-9.669955253601074,4.359212875366211,0.06823617219924927,11.250095329999999,610,0.0003,4,160371,0.03967974707484245
244.47,38772,162631,-9.656538009643555,4.526808261871338,0.2605534791946411,11.596968019999998,620,0.0003,4,162530,0.04271366447210312
248.91,39368,165013,-9.454153060913086,4.954385280609131,-0.4271288216114044,10.945784830000001,630,0.0003,4,164912,0.042249757796525955
253.65,40029,167873,-9.911291122436523,1.874448299407959,0.05889099836349487,13.102733169999999,640,0.0003,4,167772,0.0412629172205925
260.07,40738,171003,-10.545467376708984,3.8530144691467285,-0.1202731803059578,11.911474970000002,650,0.0003,4,170902,0.04105943813920021
260.54,41361,173449,-9.967008590698242,3.061563730239868,0.017215467989444733,13.503659230000004,660,0.0003,4,173348,0.04383032023906708
254.12,42009,176270,-10.802935600280762,3.0127053260803223,0.1583300530910492,13.69738482,670,0.0003,4,176169,0.04185108095407486
243.79,42490,177706,-10.847558975219727,5.305861473083496,-0.42177850008010864,10.40483152,680,0.0003,4,177605,0.04309934377670288
236.34,43009,179529,-10.337130546569824,54.87950897216797,-0.09420494735240936,8.09401698,690,0.0003,4,179428,0.04231163114309311
229.63,43570,181670,-10.402134895324707,7.577383041381836,-0.44388681650161743,10.87844513,700,0.0003,4,181569,0.04338136315345764
232.5,44128,183722,-10.9247465133667,1.7987937927246094,0.9222891330718994,6.81435534,710,0.0003,4,183621,0.04027756303548813
225.5,44610,185181,-10.953063011169434,3.2658262252807617,0.20026695728302002,5.22310752,720,0.0003,4,185080,0.04039700701832771
225.85,45203,187598,-9.95332145690918,4.924950122833252,0.36782950162887573,4.876100759999999,730,0.0003,4,187497,0.03882662206888199
226.1,45867,190483,-10.697757720947266,7.017998695373535,0.30006131529808044,5.251119819999999,740,0.0003,4,190382,0.041049230843782425
209.43,46356,191946,-11.026905059814453,13.974284172058105,-0.8100086450576782,6.209849869999999,750,0.0003,4,191845,0.04086649790406227
212.25,47008,194674,-9.47280216217041,0.9439983367919922,-0.39746758341789246,9.831518140000002,760,0.0003,4,194573,0.0379699282348156
207.66,47592,197036,-10.404864311218262,3.8227310180664062,0.049712590873241425,12.98553905,770,0.0003,4,196935,0.03577915579080582
223.44,48282,200050,-9.86457347869873,40.54328155517578,0.874276876449585,13.656939780000002,780,0.0003,4,199949,0.035407740622758865
229.59,48889,202488,-10.392341613769531,2.1584980487823486,0.06100211292505264,16.094103840000002,790,0.0003,4,202387,0.03570178523659706
235.98,49567,205268,-12.44564437866211,1.693609356880188,-0.2581738233566284,18.13911386,800,0.0003,4,205167,0.03898422792553902
238.39,50159,207561,-11.357311248779297,9.777395248413086,-0.33586981892585754,23.379052299999998,810,0.0003,4,207460,0.03878119960427284
245.33,50714,209714,-11.992576599121094,1.328723430633545,0.2677387297153473,29.432872890000002,820,0.0003,4,209613,0.040749404579401016
242.85,51270,211883,-12.820508003234863,1.6118509769439697,-0.3624821901321411,35.08314555,830,0.0003,4,211782,0.039409346878528595
237.86,51860,214269,-12.55226993560791,93.00885009765625,-0.44272318482398987,33.53298281,840,0.0003,4,214168,0.038991328328847885
245.59,52418,216505,-13.139677047729492,51.95454406738281,-0.21522022783756256,33.24648651,850,0.0003,4,216404,0.04038621112704277
234.95,52899,218169,-13.850848197937012,5.892514705657959,-0.17669816315174103,31.636847419999995,860,0.0003,4,218068,0.04022616893053055
235.34,53480,220570,-13.711875915527344,8.650043487548828,-0.19787974655628204,29.954376789999998,870,0.0003,4,220469,0.04078245162963867
222.64,53990,222314,-13.509055137634277,1.259851098060608,0.08940194547176361,29.148239590000003,880,0.0003,4,222213,0.04095578193664551
225.63,54624,225051,-13.904386520385742,2.0278480052948,-0.11344892531633377,26.961478669999998,890,0.0003,4,224950,0.04197792708873749
219.28,55185,227196,-14.65165901184082,2.746917963027954,0.34651681780815125,26.322206240000003,900,0.0003,4,227095,0.04015539586544037
214.06,55675,228967,-14.876846313476562,53.97007751464844,0.5673689842224121,27.127302010000005,910,0.0003,4,228866,0.04097947105765343
204.93,56110,230207,-15.557021141052246,6.385831832885742,-0.5255025029182434,26.3244327,920,0.0003,4,230106,0.04440845176577568
203.93,56667,232276,-15.372360229492188,2.764824867248535,-0.13219955563545227,24.022586779999997,930,0.0003,4,232175,0.040843091905117035
192.72,57094,233541,-16.13806915283203,1.9111433029174805,0.585106611251831,27.718238380000003,940,0.0003,4,233440,0.04183879867196083
181.14,57524,234619,-16.115638732910156,2.718168258666992,-0.7190309166908264,30.881496330000004,950,0.0003,4,234518,0.042659156024456024
182.51,58036,236420,-16.480226516723633,49.496925354003906,-0.1406218707561493,30.571550289999994,960,0.0003,4,236319,0.04328766465187073
173.51,58518,237921,-15.801069259643555,10.226104736328125,0.2271621823310852,34.40565258,970,0.0003,4,237820,0.04480234161019325
170.83,58979,239397,-16.208301544189453,1.7292224168777466,-0.22367030382156372,38.32114128,980,0.0003,4,239296,0.04240164905786514
155.26,59417,240577,-15.961413383483887,2.260460376739502,-0.3005697727203369,38.065079340000004,990,0.0003,4,240476,0.044150929898023605
149.62,59895,242158,-18.197107315063477,56.285926818847656,-0.26817771792411804,39.422775400000006,1000,0.0003,4,242057,0.04172477871179581
148.35,60417,243802,-16.511974334716797,13.53811264038086,-0.5435904264450073,38.66461301,1010,0.0003,4,243701,0.046583984047174454
150.02,60869,245209,-16.875722885131836,5.5817108154296875,0.7349651455879211,38.86598842,1020,0.0003,4,245108,0.044248830527067184
140.45,61259,246321,-16.017887115478516,1.7188990116119385,0.16684138774871826,41.24928336,1030,0.0003,4,246220,0.04550263285636902
139.95,61671,247536,-16.7921199798584,14.289621353149414,-0.49643629789352417,37.214099850000004,1040,0.0003,4,247435,0.04624994844198227
149.48,62212,249567,-15.985767364501953,6.394482612609863,0.3053845465183258,36.88789304,1050,0.0003,4,249466,0.04598512873053551
156.03,62801,252023,-16.288116455078125,39.88294982910156,-0.20262138545513153,38.798161609999994,1060,0.0003,4,251922,0.04812713712453842
160.67,63336,253988,-17.03034210205078,3.37176251411438,0.05392003059387207,37.360683290000004,1070,0.0003,4,253887,0.04257519543170929
162.59,63848,255656,-17.07552146911621,53.739131927490234,0.4930216670036316,36.552847320000005,1080,0.0003,4,255555,0.04453844577074051
169.29,64389,257506,-17.03191375732422,53.10015869140625,-1.0059667825698853,34.87873127000001,1090,0.0003,3,257405,0.0455552376806736
177.34,64991,259892,-16.746723175048828,3.2210187911987305,0.5754156112670898,30.590415060000005,1100,0.0003,3,259791,0.04270382970571518
178.28,65515,261630,-17.425199508666992,10.023870468139648,0.5254249572753906,29.587965960000002,1110,0.0003,3,261529,0.04311471804976463
183.32,66070,263541,-16.912620544433594,3.0683300495147705,-0.26255232095718384,25.083702159999998,1120,0.0003,3,263440,0.04488430172204971
199.73,66729,266294,-17.52286148071289,2.7699055671691895,0.20402860641479492,24.384391009999995,1130,0.0003,3,266193,0.04178514704108238
207.8,67277,268316,-19.003433227539062,44.86299133300781,0.10584402829408646,26.428548490000004,1140,0.0003,3,268215,0.04312829673290253
211.09,67849,270676,-18.778549194335938,6.141556739807129,0.14438194036483765,22.492812839999996,1150,0.0003,3,270575,0.043257322162389755
208.74,68394,272897,-18.018253326416016,5.540073394775391,0.06000608205795288,22.99446106,1160,0.0003,3,272796,0.04334421828389168
208.11,68896,274799,-19.052959442138672,3.6292054653167725,0.2402849942445755,16.628507459999994,1170,0.0003,3,274698,0.044143322855234146
206.51,69355,276307,-18.334285736083984,2.459758758544922,0.05767039954662323,15.229119679999998,1180,0.0003,3,276206,0.04647963494062424
207.77,69891,278283,-18.54391098022461,5.816797733306885,0.025268763303756714,13.784801800000002,1190,0.0003,3,278182,0.0464034229516983
199.7,70370,279862,-19.578338623046875,5.851365566253662,0.31194883584976196,20.21157379,1200,0.0003,3,279761,0.04542732611298561
203.36,70933,281966,-18.428544998168945,2.357938289642334,-0.2801744043827057,18.45434933,1210,0.0003,3,281865,0.04471840336918831
203.54,71468,283895,-18.275402069091797,5.433135509490967,-0.5924314856529236,24.345461380000003,1220,0.0003,3,283794,0.04659928008913994
191.44,71955,285438,-18.364505767822266,62.650245666503906,0.6262365579605103,21.592904839999996,1230,0.0003,3,285337,0.04628246650099754
195.59,72552,287875,-18.972919464111328,6.482458114624023,-0.2604772746562958,21.109493470000004,1240,0.0003,3,287774,0.04500579461455345
187.42,73013,289418,-18.737226486206055,2.1769328117370605,0.686647355556488,25.38216756,1250,0.0003,3,289317,0.0458737388253212
178.95,73501,290792,-18.3585262298584,12.273270606994629,-1.0931508541107178,24.83071239,1260,0.0003,3,290691,0.04504372179508209
174.01,73934,292200,-18.874771118164062,72.46664428710938,0.3907293379306793,32.61563392000001,1270,0.0003,3,292099,0.0439966656267643
169.09,74339,293216,-18.767820358276367,2.898451089859009,0.595588743686676,30.081874329999994,1280,0.0003,3,293115,0.044281695038080215
167.15,74832,294998,-20.457698822021484,6.813482761383057,0.29509401321411133,34.17085663999999,1290,0.0003,3,294897,0.04643799737095833
165.85,75248,296447,-18.987762451171875,17.252307891845703,0.5189715027809143,30.31585039,1300,0.0003,3,296346,0.04535534977912903
158.89,75655,297855,-19.201705932617188,6.200318813323975,0.24566376209259033,34.39402459,1310,0.0003,3,297754,0.04644564539194107
155.61,76104,299456,-18.85633087158203,8.426398277282715,0.22235943377017975,32.18388384,1320,0.0003,3,299355,0.04707911238074303
161.77,76609,301615,-18.76381492614746,10.323688507080078,-0.385640025138855,36.415872560000004,1330,0.0003,3,301514,0.050134241580963135
161.78,77127,304053,-20.104480743408203,5.118121147155762,0.08085303008556366,35.07813114,1340,0.0003,3,303952,0.05182058364152908
156.91,77496,305109,-20.621496200561523,4.222689628601074,0.3857946991920471,35.31446899,1350,0.0003,3,305008,0.05147407948970795
173.35,78128,308127,-20.717546463012695,4.490717887878418,0.4009038805961609,37.8692701,1360,0.0003,3,308026,0.052668750286102295
177.7,78583,309970,-20.669906616210938,21.632200241088867,0.4825475215911865,34.18896414,1370,0.0003,3,309869,0.0521235428750515
183.81,79002,311597,-19.99667739868164,40.916648864746094,-0.5018405914306641,39.87949226999999,1380,0.0003,3,311496,0.05400744453072548
178.66,79379,312864,-20.143657684326172,5.528069496154785,0.30679959058761597,37.386789560000004,1390,0.0003,3,312763,0.055049799382686615
183.87,79866,314834,-19.44359588623047,4.859180450439453,-0.4660513997077942,36.290407990000006,1400,0.0003,3,314733,0.053118832409381866
186.02,80294,316457,-19.61164665222168,73.70713806152344,0.1433373987674713,35.39438658,1410,0.0003,3,316356,0.05216779187321663
186.04,80713,318060,-19.79204559326172,1.9483773708343506,-0.3715484142303467,35.084217419999995,1420,0.0003,3,317959,0.05532103776931763
176.67,81101,319282,-19.36751365661621,54.60805892944336,-0.3390309810638428,33.4054733,1430,0.0003,3,319181,0.055697131901979446
170.26,81557,321079,-19.917278289794922,2.2183475494384766,0.5455671548843384,35.1120304,1440,0.0003,3,320978,0.05234764143824577
176.85,81998,322794,-20.260822296142578,2.951428174972534,0.386829137802124,31.769879329999995,1450,0.0003,3,322693,0.052780941128730774
165.56,82452,324683,-20.503498077392578,2.5713999271392822,-0.40687286853790283,29.27379881,1460,0.0003,3,324582,0.052724290639162064
167.19,82938,326689,-20.049402236938477,13.039518356323242,0.20744776725769043,31.13487302,1470,0.0003,3,326588,0.053646888583898544
169.95,83409,328592,-19.218090057373047,2.906026840209961,-0.9999454021453857,29.04137138,1480,0.0003,3,328491,0.05326031520962715
179.8,83920,330844,-20.816532135009766,10.04841136932373,-0.7113053798675537,31.01763243,1490,0.0003,3,330743,0.0520159974694252
176.86,84354,332520,-19.290401458740234,3.845407247543335,0.15727996826171875,29.96478683,1500,0.0003,3,332419,0.051679693162441254
179.01,84801,334358,-20.13103485107422,13.841108322143555,-0.019263774156570435,29.38123449,1510,0.0003,3,334257,0.05265958607196808
181.9,85267,336250,-19.05086326599121,7.818304061889648,-0.19671177864074707,26.628989469999997,1520,0.0003,3,336149,0.0520898662507534
201.33,85900,339415,-19.070358276367188,13.326807022094727,0.19375315308570862,25.954175530000008,1530,0.0003,3,339314,0.04927007108926773
204.76,86387,341555,-18.31254005432129,4.843391418457031,0.12987816333770752,27.076856570000004,1540,0.0003,3,341454,0.05262283608317375
211.94,86915,343988,-19.650218963623047,57.9458122253418,-0.5691709518432617,28.519583330000003,1550,0.0003,3,343887,0.05197235196828842
220.5,87475,346733,-19.407625198364258,2.465597629547119,-0.1513863205909729,32.44363309,1560,0.0003,3,346632,0.04960295930504799
226.57,88042,349346,-18.939617156982422,2.871108055114746,0.33607757091522217,34.591137939999996,1570,0.0003,3,349245,0.051113177090883255
228.72,88520,351464,-19.49148178100586,53.5395622253418,0.7982873320579529,36.77586626,1580,0.0003,3,351363,0.04954056814312935
225.16,88985,353360,-19.144474029541016,7.0308356285095215,-0.26835447549819946,35.12933587,1590,0.0003,3,353259,0.050600290298461914
236.38,89571,356158,-20.17562484741211,2.3160560131073,-0.6520058512687683,38.030048990000004,1600,0.0003,3,356057,0.0477440282702446
237.61,90039,358119,-19.64598274230957,50.18211364746094,-0.664150595664978,39.02683374,1610,0.0003,3,358018,0.04851306974887848
239.32,90537,360182,-18.598373413085938,2.7223398685455322,-0.9891120195388794,39.11264754,1620,0.0003,3,360081,0.04823921248316765
238.64,91141,363279,-19.668315887451172,1.9848442077636719,-0.4728078246116638,40.28972650000001,1630,0.0003,3,363178,0.04593474417924881
235.64,91598,365119,-20.391399383544922,6.53303861618042,-0.08651763945817947,37.87140215,1640,0.0003,3,365018,0.04803463816642761
232.77,92103,367265,-18.607437133789062,2.980767011642456,0.43000102043151855,39.695670639999996,1650,0.0003,3,367164,0.0509398877620697
220.23,92516,368756,-18.963205337524414,1.7920074462890625,0.020314693450927734,32.70980944,1660,0.0003,3,368655,0.055112190544605255
220.42,93065,371388,-18.02416229248047,5.943950176239014,0.510661780834198,30.66136904,1670,0.0003,3,371287,0.054572831839323044
220.16,93555,373480,-19.33916473388672,4.065829277038574,-0.23825962841510773,29.179805069999997,1680,0.0003,3,373379,0.05310790240764618
218.78,94020,375238,-19.505908966064453,2.79079270362854,-0.21925485134124756,30.243725989999994,1690,0.0003,3,375137,0.053802426904439926
212.85,94533,377443,-19.990127563476562,8.271714210510254,-0.1956360787153244,27.390148659999994,1700,0.0003,3,377342,0.05471399426460266
214.94,95027,379613,-20.05177879333496,3.2116615772247314,0.413743257522583,23.414533339999995,1710,0.0003,3,379512,0.05406571179628372
216.02,95542,381784,-19.8687744140625,9.888479232788086,-0.26984649896621704,25.638183599999998,1720,0.0003,3,381683,0.05525913089513779
204.26,96011,383705,-18.878803253173828,2.426348924636841,0.07806268334388733,21.49300391,1730,0.0003,3,383604,0.05754294991493225
202.35,96463,385354,-19.704471588134766,4.977648735046387,0.12302906811237335,21.15800109,1740,0.0003,3,385253,0.05892268568277359
198.91,96934,387156,-20.034130096435547,57.431304931640625,-0.13692793250083923,18.907091060000003,1750,0.0003,3,387055,0.06051214784383774
204.82,97432,389238,-21.006284713745117,10.018156051635742,-0.09265989065170288,23.108880339999995,1760,0.0003,3,389137,0.05503927171230316
202.33,97981,391621,-20.623119354248047,4.758363723754883,-0.15912042558193207,21.74018421,1770,0.0003,3,391520,0.056754980236291885
202.25,98475,393705,-20.469518661499023,3.0898971557617188,0.2917528748512268,20.84507506,1780,0.0003,3,393604,0.058067139238119125
200.88,98917,395326,-20.29674530029297,1.3459722995758057,-0.2743086814880371,19.581850890000002,1790,0.0003,3,395225,0.05644696205854416
199.27,99430,397370,-20.702821731567383,4.23734188079834,0.29735422134399414,19.977472239999997,1800,0.0003,3,397269,0.05651566758751869
191.34,99860,398747,-20.756446838378906,2.0839548110961914,-0.46191978454589844,20.29809668,1810,0.0003,3,398646,0.05913457274436951
187.44,100314,400528,-20.74867057800293,1.9546500444412231,1.082934856414795,15.731297840000002,1820,0.0003,3,400427,0.06349511444568634
185.28,100777,402233,-19.48949432373047,7.11738395690918,-0.002822279930114746,17.84086078,1830,0.0003,3,402132,0.05952305346727371
190.0,101272,404354,-20.298839569091797,2.4607181549072266,-0.5846039056777954,14.7388095,1840,0.0003,3,404253,0.05811597406864166
192.87,101788,406443,-19.26364517211914,2.2597296237945557,-0.8693660497665405,12.680698979999999,1850,0.0003,3,406342,0.061362769454717636
188.4,102247,408078,-18.430395126342773,14.73198127746582,-0.07128985971212387,10.94048426,1860,0.0003,3,407977,0.05977082625031471
182.23,102698,409844,-19.130870819091797,11.049949645996094,-0.34450531005859375,11.26991252,1870,0.0003,3,409743,0.05859579145908356
182.6,103214,411965,-18.342708587646484,1.7940019369125366,-0.22667646408081055,11.646759379999999,1880,0.0003,3,411864,0.05548050254583359
185.89,103708,413915,-19.330337524414062,6.124272346496582,-0.16362076997756958,11.053787489999998,1890,0.0003,3,413814,0.05279405787587166
179.02,104107,415272,-17.884021759033203,2.2550182342529297,0.41274553537368774,7.24701936,1900,0.0003,3,415171,0.05425465106964111
183.52,104574,417099,-16.976886749267578,3.0368990898132324,0.059564992785453796,9.524609349999999,1910,0.0003,3,416998,0.0535469613969326
182.88,105031,418816,-17.281166076660156,57.32140350341797,0.10567884892225266,10.827037259999999,1920,0.0003,3,418715,0.05826791003346443
195.38,105620,421771,-16.29395866394043,3.2640292644500732,0.08076155185699463,12.437718759999997,1930,0.0003,3,421670,0.05704791843891144
199.46,106181,424300,-17.298480987548828,5.923400402069092,-0.5305745601654053,14.78206447,1940,0.0003,3,424199,0.054131414741277695
204.88,106736,426931,-17.184133529663086,6.132678985595703,-0.14448773860931396,19.13301496,1950,0.0003,3,426830,0.05456874519586563
202.72,107139,428350,-17.095417022705078,7.51171875,-0.23877936601638794,19.805116119999997,1960,0.0003,3,428249,0.056648626923561096
204.65,107610,430309,-16.27193832397461,14.449501037597656,-0.7163830995559692,18.92981095,1970,0.0003,3,430208,0.055593766272068024
203.0,108115,432265,-17.255290985107422,9.098566055297852,-0.36352014541625977,16.92810222,1980,0.0003,3,432164,0.0562678687274456
208.9,108649,434805,-16.165788650512695,5.073442459106445,0.4099907875061035,19.630373340000002,1990,0.0003,4,434704,0.055706530809402466
213.41,109107,436613,-17.161359786987305,6.913844108581543,0.7579215168952942,21.288640659999995,2000,0.0003,4,436512,0.051095496863126755
211.27,109536,438226,-16.677515029907227,31.284881591796875,0.3514583706855774,22.8722527,2010,0.0003,4,438125,0.051847562193870544
214.75,110024,440291,-16.349668502807617,9.84251880645752,0.44894474744796753,26.397554240000005,2020,0.0003,4,440190,0.05182572454214096
201.84,110454,441955,-15.674168586730957,3.5428755283355713,0.13404372334480286,26.51803101,2030,0.0003,4,441854,0.05002744868397713
201.63,111004,444463,-15.52881145477295,98.73860168457031,-0.22339895367622375,26.772907979999996,2040,0.0003,4,444362,0.04835252836346626
193.52,111479,446283,-15.824274063110352,7.901472091674805,0.49185964465141296,24.416000330000003,2050,0.0003,4,446182,0.04774928465485573
195.36,111903,447886,-15.702516555786133,2.576612949371338,0.5197610855102539,24.448498820000005,2060,0.0003,4,447785,0.048572950065135956
199.12,112429,450221,-14.83646011352539,2.6951608657836914,-0.25174015760421753,25.60928416,2070,0.0003,4,450120,0.0533873587846756
200.02,112924,452267,-15.477140426635742,9.943264961242676,0.07415690273046494,24.47542288,2080,0.0003,4,452166,0.053150370717048645
196.17,113428,454422,-14.471611022949219,11.38776683807373,-0.4182894825935364,22.707860839999995,2090,0.0003,4,454321,0.0518011674284935
204.16,113980,457029,-15.413423538208008,8.974266052246094,0.15190906822681427,25.604653260000006,2100,0.0003,4,456928,0.05136954039335251
210.93,114513,459319,-15.097419738769531,9.525222778320312,0.5514169931411743,21.478235430000005,2110,0.0003,4,459218,0.045752108097076416
214.18,115058,461709,-15.5442533493042,13.608137130737305,-0.12877286970615387,20.930229020000002,2120,0.0003,4,461608,0.04852941632270813
219.26,115575,463881,-14.169556617736816,4.55830192565918,0.2828746438026428,20.290086379999998,2130,0.0003,4,463780,0.04829602688550949
219.34,116121,466397,-15.744905471801758,5.293135166168213,-0.004768460988998413,20.535941219999998,2140,0.0003,4,466296,0.04696264490485191
219.5,116589,468233,-15.64218807220459,2.1283786296844482,0.27988201379776,22.346259560000004,2150,0.0003,4,468132,0.045646049082279205
218.22,117019,469708,-16.233280181884766,2.612252950668335,0.012130647897720337,21.20903199,2160,0.0003,4,469607,0.0452125146985054
220.53,117572,472274,-15.510676383972168,5.974959373474121,0.21621912717819214,24.384492319999996,2170,0.0003,4,472173,0.04900702089071274
234.88,118267,475755,-15.986527442932129,1.9457390308380127,0.40897107124328613,26.035135429999997,2180,0.0003,4,475654,0.05031999945640564
238.15,118824,478237,-16.363922119140625,3.5408878326416016,0.5142499208450317,23.007316760000002,2190,0.0003,4,478136,0.05184008553624153
234.2,119340,480449,-16.825267791748047,86.31533813476562,0.20203714072704315,19.910899239999996,2200,0.0003,4,480348,0.04853472858667374
246.1,120030,483929,-16.915393829345703,13.94124698638916,0.46493133902549744,21.695039399999995,2210,0.0003,4,483828,0.0489310622215271
246.25,120579,486334,-16.633785247802734,2.33050537109375,0.3923587501049042,19.537997779999998,2220,0.0003,4,486233,0.05039193481206894
256.55,121239,489536,-18.084157943725586,11.043397903442383,0.016083598136901855,16.143772309999996,2230,0.0003,4,489435,0.05924145504832268
263.81,121885,492778,-19.976577758789062,4.239664077758789,-0.7221807241439819,12.365192009999998,2240,0.0003,4,492677,0.06618481874465942
273.75,122482,495608,-21.482276916503906,3.536099910736084,-0.03382235765457153,7.816646689999998,2250,0.0003,4,495507,0.06899445503950119
287.88,123096,498496,-22.51051139831543,4.523453712463379,0.24614645540714264,4.618198609999999,2260,0.0003,4,498395,0.06430715322494507
285.15,123626,500789,-21.10962677001953,21.8765869140625,0.25577646493911743,-1.3570014200000005,2270,0.0003,4,500688,0.05725075677037239
271.76,124150,502931,-21.085723876953125,10.562122344970703,-0.4358041286468506,-2.7412734500000004,2280,0.0003,4,502830,0.062254954129457474
265.85,124614,504822,-22.06452751159668,1.762929916381836,0.14474566280841827,-1.4638562300000002,2290,0.0003,4,504721,0.0586407408118248
274.14,125239,507863,-19.472484588623047,16.55517578125,0.3080061674118042,2.5511552900000005,2300,0.0003,4,507762,0.051423393189907074
257.07,125723,509636,-19.763336181640625,1.9036264419555664,-0.47934362292289734,2.16426079,2310,0.0003,4,509535,0.05126737430691719
253.08,126226,511642,-20.280912399291992,12.192875862121582,0.11358917504549026,3.2483711099999995,2320,0.0003,4,511541,0.05365996062755585
251.51,126863,514687,-18.011646270751953,7.945657730102539,0.4422677159309387,6.2876203099999985,2330,0.0003,4,514586,0.05562734976410866
240.32,127386,516810,-18.010406494140625,61.884422302246094,-0.45073366165161133,7.5905239799999995,2340,0.0003,4,516709,0.05396043509244919
236.54,127937,519262,-17.90273666381836,5.976475238800049,-0.2553640604019165,10.790743910000002,2350,0.0003,4,519161,0.05347295105457306
228.25,128437,521321,-17.13966941833496,10.25285530090332,0.5361720323562622,12.423896939999999,2360,0.0003,4,521220,0.04994051158428192
225.1,128942,523299,-16.032913208007812,3.2526416778564453,0.541467010974884,15.443006360000002,2370,0.0003,4,523198,0.05220113322138786
227.38,129490,525669,-15.601816177368164,2.378264904022217,0.809868574142456,18.26408488,2380,0.0003,4,525568,0.0538613386452198
249.63,130242,529785,-14.946444511413574,5.826777458190918,-0.18045149743556976,22.777429810000005,2390,0.0003,4,529684,0.050890401005744934
251.92,130887,533055,-16.446949005126953,63.12846374511719,0.07397230714559555,23.601223710000003,2400,0.0003,4,532954,0.0515667200088501
254.25,131363,535061,-15.93954086303711,3.964362144470215,0.1871817409992218,24.49183096,2410,0.0003,4,534960,0.05574626103043556
265.09,131991,538151,-16.405315399169922,1.1708544492721558,-0.010292857885360718,25.971058220000003,2420,0.0003,4,538050,0.05376901105046272
262.54,132607,540941,-16.58251953125,1.4497597217559814,-0.16705703735351562,25.786825799999995,2430,0.0003,4,540840,0.05490540713071823
272.94,133249,544104,-18.928672790527344,77.33229064941406,-0.04539041221141815,27.484019340000003,2440,0.0003,4,544003,0.060797322541475296
270.01,133773,546263,-20.370317459106445,2.440396308898926,-0.1706201136112213,27.10729511,2450,0.0003,4,546162,0.06483705341815948
277.14,134366,549035,-19.985424041748047,11.958932876586914,-0.4449424743652344,25.005657240000005,2460,0.0003,4,548934,0.06002415344119072
289.23,135002,552222,-20.277576446533203,5.944089889526367,0.0657249391078949,23.031277109999998,2470,0.0003,4,552121,0.05405745282769203
290.01,135538,554670,-21.02740478515625,1.9944453239440918,-0.44793814420700073,20.874583439999995,2480,0.0003,4,554569,0.061273474246263504
273.61,136093,557146,-20.15726089477539,14.071496963500977,0.13508307933807373,15.564938499999998,2490,0.0003,4,557045,0.06817802786827087
259.75,136581,559030,-20.733861923217773,8.85087776184082,0.15766997635364532,11.265475550000003,2500,0.0003,4,558929,0.07603788375854492
266.15,137148,561676,-21.515214920043945,20.754236221313477,-0.08889329433441162,9.11351619,2510,0.0003,4,561575,0.07055604457855225
255.68,137654,563719,-20.921884536743164,2.346513271331787,0.439700722694397,4.092562509999999,2520,0.0003,4,563618,0.07143515348434448
246.17,138125,565558,-19.075687408447266,1.7130258083343506,-0.06451572477817535,2.1705161000000017,2530,0.0003,4,565457,0.06646205484867096
242.94,138734,568398,-19.56976318359375,3.270634412765503,0.44942575693130493,-0.8462568900000004,2540,0.0003,4,568297,0.06079588830471039
244.97,139257,570760,-18.160268783569336,1.786749005317688,0.5725311040878296,-2.0379992,2550,0.0003,4,570659,0.06102953106164932
241.06,139809,573141,-16.428268432617188,2.8064558506011963,-0.5853420495986938,-3.54077026,2560,0.0003,4,573040,0.06267524510622025
233.39,140358,575561,-16.09588623046875,2.164609670639038,0.3910336494445801,-4.547535219999999,2570,0.0003,4,575460,0.06617196649312973
224.32,140789,577102,-15.53602123260498,9.555291175842285,0.17601165175437927,-7.304513789999999,2580,0.0003,4,577001,0.06032702699303627
223.35,141345,579481,-15.346609115600586,7.489018440246582,0.2567834258079529,-5.707308809999998,2590,0.0003,4,579380,0.06003632768988609
229.66,141935,581996,-15.58752155303955,3.5515153408050537,0.6656762957572937,-7.041577969999999,2600,0.0003,4,581895,0.059839192777872086
224.73,142487,584149,-14.466899871826172,8.451990127563477,-0.7256929278373718,-4.07313556,2610,0.0003,4,584048,0.05814389884471893
221.57,142982,585876,-16.253671646118164,1.9992376565933228,0.567686140537262,-1.6248368999999991,2620,0.0003,4,585775,0.0586504265666008
223.8,143515,587938,-15.76974868774414,11.990906715393066,0.3702750504016876,-4.396398399999999,2630,0.0003,4,587837,0.05450865998864174
216.19,144061,590017,-13.336709022521973,2.700383424758911,-0.0023799538612365723,1.2415559100000004,2640,0.0003,4,589916,0.05599353834986687
215.19,144591,592279,-14.671896934509277,1.8522601127624512,0.652252733707428,1.0813890500000003,2650,0.0003,4,592178,0.05521627888083458
215.36,145132,594677,-15.488582611083984,4.200473785400391,-0.11512148380279541,3.094957470000001,2660,0.0003,4,594576,0.05579255893826485
218.35,145696,597396,-13.912649154663086,4.804717063903809,-0.22281184792518616,6.472994549999999,2670,0.0003,4,597295,0.05504537746310234
216.92,146116,598794,-14.78449821472168,14.552995681762695,-0.11051168292760849,10.561413469999998,2680,0.0003,4,598693,0.054504167288541794
220.41,146715,601522,-15.046969413757324,2.374699831008911,-0.40290069580078125,11.35171266,2690,0.0003,4,601421,0.0527392141520977
222.27,147296,604223,-15.084733009338379,5.070656776428223,0.00740775465965271,10.51296165,2700,0.0003,4,604122,0.05389488860964775
225.88,147852,606737,-14.138982772827148,7.140674591064453,-0.743261456489563,8.53374758,2710,0.0003,4,606636,0.05575162544846535
234.84,148400,609360,-14.754509925842285,4.676701545715332,-0.10566863417625427,11.101385679999998,2720,0.0003,4,609259,0.0572398416697979
233.52,148868,611290,-14.046483993530273,1.751830816268921,-0.10504551231861115,13.1995566,2730,0.0003,4,611189,0.058671992272138596
231.94,149341,613211,-13.3921537399292,37.5893669128418,-0.4633007049560547,11.455282169999997,2740,0.0003,4,613110,0.05738391354680061
239.45,149965,616224,-12.636741638183594,5.98541259765625,0.0234418623149395,11.11900965,2750,0.0003,4,616123,0.05022089183330536
239.28,150515,618605,-12.996771812438965,2.3072023391723633,0.6754464507102966,13.834542469999997,2760,0.0003,4,618504,0.05139026418328285
240.99,151109,621495,-12.621146202087402,4.239256381988525,0.38314634561538696,11.844881400000002,2770,0.0003,4,621394,0.050324101001024246
250.34,151616,623828,-12.579940795898438,12.0286283493042,-0.6568067073822021,12.396428640000002,2780,0.0003,4,623727,0.05396009981632233
245.21,152107,626043,-12.896151542663574,1.5864886045455933,-0.02724628895521164,10.2245261,2790,0.0003,4,625942,0.05539490655064583
244.57,152665,628680,-13.09631633758545,2.142632007598877,-0.14739252626895905,13.53121699,2800,0.0003,4,628579,0.056212276220321655
247.81,153251,631518,-13.374086380004883,5.740520477294922,0.023986726999282837,12.201352169999996,2810,0.0003,4,631417,0.05701277032494545
250.39,153839,634399,-13.469857215881348,7.181789875030518,0.21591657400131226,8.08056927,2820,0.0003,4,634298,0.056493550539016724
253.22,154364,636612,-12.73621940612793,3.6994729042053223,0.32062625885009766,10.831786470000003,2830,0.0003,4,636511,0.05990710109472275
254.21,154849,638632,-12.060661315917969,4.278858184814453,-0.10951454937458038,10.36423145,2840,0.0003,4,638531,0.06370754539966583
256.49,155479,641873,-13.393866539001465,11.077568054199219,-0.5844802856445312,11.510745330000002,2850,0.0003,4,641772,0.06273447722196579
255.03,155992,644108,-11.219450950622559,8.888656616210938,-0.25613588094711304,10.37723465,2860,0.0003,4,644007,0.06471247225999832
255.38,156601,647033,-12.841920852661133,9.479248046875,-0.028838761150836945,13.19865391,2870,0.0003,4,646932,0.0665087178349495
254.53,157125,649281,-13.098371505737305,2.2256875038146973,0.25883549451828003,11.319049219999997,2880,0.0003,4,649180,0.06752150505781174
262.58,157780,652301,-13.922491073608398,1.8177857398986816,0.7294987440109253,13.525547230000003,2890,0.0003,4,652200,0.06603464484214783
260.98,158314,654778,-15.376598358154297,2.1658196449279785,0.08899426460266113,13.57693318,2900,0.0003,4,654677,0.06679762154817581
262.0,158930,657718,-16.502460479736328,98.73594665527344,-0.5972187519073486,12.376019410000003,2910,0.0003,4,657617,0.06565076112747192
250.69,159388,659468,-17.7064208984375,3.4150843620300293,0.8345022201538086,17.07914126,2920,0.0003,4,659367,0.06862842291593552
264.39,160086,663051,-16.572826385498047,4.846945285797119,-0.6780973672866821,12.69332214,2930,0.0003,4,662950,0.06704822182655334
267.22,160603,665354,-15.662088394165039,16.462005615234375,-0.2845233082771301,10.70001119,2940,0.0003,4,665253,0.06508210301399231
257.54,161120,667627,-16.752655029296875,2.074782371520996,-0.2536843419075012,11.541712659999998,2950,0.0003,4,667526,0.06434950232505798
257.05,161638,669813,-17.780467987060547,2.535550355911255,0.49228331446647644,11.014659329999999,2960,0.0003,4,669712,0.06476203352212906
250.24,162157,672057,-18.44744110107422,4.731554985046387,-0.3214593827724457,7.242305729999999,2970,0.0003,4,671956,0.06440053880214691
247.24,162634,674005,-17.957679748535156,61.99117660522461,0.9818205833435059,5.106799500000001,2980,0.0003,4,673904,0.06587763875722885
237.76,163132,676077,-17.53554916381836,17.744590759277344,-0.5759258270263672,3.78189685,2990,0.0003,4,675976,0.06677251309156418
236.88,163669,678466,-24.07311248779297,13.327051162719727,-0.9923684000968933,4.010800609999999,3000,0.0003,4,678365,0.0699557363986969
230.32,164190,680750,-20.569435119628906,3.7836828231811523,-0.43861693143844604,4.7506254,3010,0.0003,4,680649,0.06896287947893143
243.99,164822,683867,-24.47771453857422,26.683231353759766,0.33638060092926025,0.5734150599999995,3020,0.0003,4,683766,0.0771544948220253
231.61,165366,686212,-26.354318618774414,16.411754608154297,-0.16207817196846008,0.38615724999999956,3030,0.0003,4,686111,0.07659085839986801
234.08,165922,688762,-25.825918197631836,9.368889808654785,-0.21047237515449524,0.34858174000000025,3040,0.0003,4,688661,0.08769767731428146
241.57,166546,691784,-28.137439727783203,8.911357879638672,0.18418559432029724,-5.04644913,3050,0.0003,4,691683,0.09154663234949112
241.5,167067,693963,-27.229877471923828,8.57089614868164,-0.2522081732749939,-6.257639060000002,3060,0.0003,4,693862,0.08282779157161713
246.27,167639,696684,-28.277029037475586,8.852294921875,0.34339120984077454,-6.794487740000001,3070,0.0003,4,696583,0.08015269041061401
247.36,168130,698741,-23.31214141845703,5.843732833862305,0.12129099667072296,-7.260722710000001,3080,0.0003,4,698640,0.08466143906116486
253.26,168692,701403,-27.693357467651367,5.5157318115234375,-0.3263006806373596,-9.34338394,3090,0.0003,4,701302,0.08655817061662674
249.73,169162,703439,-24.07870864868164,68.86555480957031,-0.24202588200569153,-7.54329043,3100,0.0003,4,703338,0.07853090018033981
250.73,169715,705823,-23.557559967041016,40.33880615234375,-0.18031707406044006,-10.209081199999998,3110,0.0003,4,705722,0.07656551897525787
241.62,170228,708029,-23.370826721191406,6.795626640319824,-0.0425284206867218,-10.543262380000002,3120,0.0003,4,707928,0.07342644035816193
243.49,170775,710561,-23.60478401184082,5.636030197143555,-0.04964520037174225,-8.61441949,3130,0.0003,4,710460,0.07529820501804352
248.52,171384,713614,-22.580421447753906,24.251235961914062,0.29301881790161133,-7.534094779999999,3140,0.0003,4,713513,0.0763387531042099
253.55,172059,717139,-22.248506546020508,68.27374267578125,0.04182988405227661,-4.09790172,3150,0.0003,4,717038,0.07547769695520401
264.37,172702,720400,-19.07887840270996,6.737035751342773,-0.06700372695922852,-2.9561151800000003,3160,0.0003,4,720299,0.07705529779195786
270.96,173355,723780,-19.05438232421875,54.486351013183594,-0.23186498880386353,-2.5052975199999996,3170,0.0003,4,723679,0.07919400930404663
275.28,173890,726269,-19.477493286132812,13.348021507263184,-0.2750956416130066,-1.3404594,3180,0.0003,4,726168,0.07226654887199402
273.91,174417,728794,-17.852523803710938,10.945987701416016,-0.003237426280975342,-0.3410929100000007,3190,0.0003,4,728693,0.07306427508592606
282.64,175013,731703,-16.34981918334961,7.320774078369141,-0.5086929202079773,-3.589753990000001,3200,0.0003,4,731602,0.07362888008356094
295.75,175712,735398,-17.154870986938477,2.2319412231445312,-0.5859014391899109,-0.7853622200000006,3210,0.0003,4,735297,0.0672646164894104
289.1,176139,736939,-15.429594039916992,2.8267860412597656,-0.3613337576389313,-3.6516889799999994,3220,0.0003,4,736838,0.06907880306243896
286.49,176675,739210,-16.099519729614258,2.1101651191711426,-0.22660456597805023,-3.94435003,3230,0.0003,4,739109,0.06797227263450623
286.88,177310,742302,-13.923362731933594,1.6010323762893677,-0.28209102153778076,-4.4443298,3240,0.0003,4,742201,0.06512633711099625
277.91,177912,744930,-15.17579460144043,2.416473388671875,0.3726028800010681,-3.2397492200000007,3250,0.0003,4,744829,0.06488296389579773
271.11,178492,747511,-15.118522644042969,11.911773681640625,0.7182935476303101,-3.3054802299999992,3260,0.0003,4,747410,0.062415942549705505
262.45,179065,750025,-14.125244140625,15.339431762695312,-0.6236481666564941,0.1435615199999998,3270,0.0003,4,749924,0.061263248324394226
264.69,179655,752738,-13.897348403930664,4.64754581451416,-0.09633441269397736,-0.23090387000000054,3280,0.0003,4,752637,0.057377226650714874
267.23,180254,755517,-12.023197174072266,6.928285598754883,-1.0128684043884277,3.5433622199999997,3290,0.0003,4,755416,0.061507485806941986
273.82,180972,759085,-12.574220657348633,3.198988914489746,-0.4182508587837219,6.94182299,3300,0.0003,4,758984,0.06065521761775017
256.56,181470,761054,-12.427787780761719,2.673154830932617,0.11064651608467102,3.7658158299999998,3310,0.0003,4,760953,0.0559961162507534
265.95,182029,763534,-11.225318908691406,4.518418312072754,-0.1372576653957367,9.21988641,3320,0.0003,4,763433,0.06098535656929016
269.08,182611,766118,-11.48005199432373,6.323117256164551,-0.2060113549232483,11.989762320000002,3330,0.0003,4,766017,0.05874131992459297
254.51,183077,767753,-12.56535816192627,1.931924819946289,0.288321852684021,14.55841637,3340,0.0003,4,767652,0.0577479787170887
250.63,183603,769993,-13.542262077331543,2.2904632091522217,0.014486495405435562,13.498767489999999,3350,0.0003,4,769892,0.05804542079567909
252.1,184202,772721,-12.655323028564453,21.590063095092773,-0.40027159452438354,12.146509980000001,3360,0.0003,4,772620,0.059072598814964294
251.89,184772,775214,-13.034835815429688,3.4672651290893555,-0.1700470745563507,9.864707779999998,3370,0.0003,4,775113,0.05538925155997276
246.16,185304,777354,-14.756636619567871,1.779369831085205,0.16119228303432465,11.241337010000002,3380,0.0003,4,777253,0.055679019540548325
249.85,185944,780502,-13.819672584533691,8.86880111694336,0.0549493134021759,6.676622300000002,3390,0.0003,4,780401,0.05717506632208824
255.53,186708,784638,-13.307706832885742,4.136020660400391,-0.012436911463737488,6.844544390000001,3400,0.0003,4,784537,0.0588257759809494
265.8,187359,787634,-14.359832763671875,11.074834823608398,0.11124050617218018,10.936756550000002,3410,0.0003,4,787533,0.05555684119462967
266.09,187931,790143,-14.667414665222168,2.3049838542938232,-0.38189202547073364,9.765280610000001,3420,0.0003,4,790042,0.054045066237449646
263.35,188459,792453,-15.061195373535156,1.532393217086792,0.095650315284729,5.777111030000001,3430,0.0003,4,792352,0.05592326819896698
270.34,189000,794787,-15.967897415161133,48.363739013671875,1.2327880859375,3.4749149100000007,3440,0.0003,4,794686,0.056014180183410645
264.63,189483,796456,-15.584710121154785,6.520793914794922,0.39260420203208923,-0.33307936999999954,3450,0.0003,4,796355,0.057299986481666565
259.03,190002,798624,-14.382488250732422,46.64951705932617,0.15045197308063507,0.44309723999999995,3460,0.0003,4,798523,0.05768785625696182
258.15,190538,801029,-13.871606826782227,2.0280869007110596,0.33844447135925293,0.8200835199999997,3470,0.0003,4,800928,0.06010064482688904
263.48,191138,803702,-13.194095611572266,18.15908432006836,0.3785015344619751,0.4849798100000008,3480,0.0003,4,803601,0.061229389160871506
256.45,191708,806147,-13.558611869812012,12.669389724731445,0.7863333225250244,1.8047508599999997,3490,0.0003,4,806046,0.05650731176137924
234.34,192196,808072,-11.45579719543457,9.353013038635254,0.048899367451667786,2.1215187299999996,3500,0.0003,4,807971,0.05424819514155388
229.1,192753,810544,-12.413008689880371,2.756697177886963,0.12413328886032104,0.2141652299999992,3510,0.0003,4,810443,0.053558703511953354
231.88,193380,813331,-11.280580520629883,6.2354230880737305,0.23935464024543762,-0.2672566800000011,3520,0.0003,4,813230,0.053641144186258316
236.0,193985,816053,-11.175923347473145,60.44340515136719,-0.6030123233795166,2.8817799299999978,3530,0.0003,4,815952,0.05300682783126831
237.13,194536,818500,-10.19641399383545,6.048373222351074,0.02892179787158966,0.2753396399999987,3540,0.0003,4,818399,0.05334595963358879
241.2,195037,820576,-9.980142593383789,10.028895378112793,0.6099958419799805,4.61741627,3550,0.0003,4,820475,0.054015371948480606
241.65,195554,822789,-10.355417251586914,5.236357688903809,0.5931186676025391,5.861846209999999,3560,0.0003,4,822688,0.05335605889558792
244.17,196136,825446,-10.455096244812012,2.53548002243042,-0.34850233793258667,7.86095984,3570,0.0003,4,825345,0.055686477571725845
244.0,196713,828102,-10.846122741699219,13.767560958862305,-0.2633534371852875,11.48653552,3580,0.0003,4,828001,0.05501749366521835
255.79,197418,831726,-11.648286819458008,2.3772635459899902,0.6114823222160339,15.20429384,3590,0.0003,4,831625,0.057343270629644394
271.92,198102,835264,-12.934549331665039,2.4477226734161377,0.017657987773418427,15.199258020000002,3600,0.0003,4,835163,0.058016709983348846
277.12,198745,838256,-12.643173217773438,1.9496127367019653,-0.1926359236240387,19.07380137,3610,0.0003,4,838155,0.05872179940342903
277.1,199344,841041,-13.122297286987305,8.556533813476562,-0.016690678894519806,16.92399982,3620,0.0003,4,840940,0.06194385886192322
264.59,199759,842512,-12.284751892089844,15.58670425415039,-0.5558735728263855,13.73898186,3630,0.0003,4,842411,0.06071329489350319
265.62,200325,845062,-12.488639831542969,3.1739683151245117,-0.07981811463832855,17.211655389999997,3640,0.0003,4,844961,0.06447187811136246
267.8,200849,847356,-13.008989334106445,4.7455549240112305,-0.17951969802379608,17.467096469999998,3650,0.0003,4,847255,0.06318994611501694
273.09,201447,850098,-13.312398910522461,5.000510215759277,0.5399132966995239,17.6567283,3660,0.0003,4,849997,0.06274814903736115
270.55,201988,852501,-13.896336555480957,7.375035762786865,0.18285173177719116,15.582601420000001,3670,0.0003,4,852400,0.061903271824121475
268.41,202553,854943,-12.80861759185791,2.19370698928833,-0.06464824080467224,11.03793074,3680,0.0003,4,854842,0.06452957540750504
252.03,203037,856929,-14.675588607788086,56.91123962402344,-0.2640053629875183,10.99083826,3690,0.0003,4,856828,0.06769047677516937
235.13,203507,858777,-15.359708786010742,13.188529014587402,0.1837383210659027,11.141340820000003,3700,0.0003,4,858676,0.06829872727394104
224.19,203995,860675,-16.824172973632812,22.933530807495117,0.05930835008621216,9.38510394,3710,0.0003,4,860574,0.0708438977599144
217.17,204494,862758,-18.178476333618164,8.293390274047852,0.43033990263938904,13.04797473,3720,0.0003,4,862657,0.06794837862253189
218.13,204930,864325,-18.222644805908203,5.371250629425049,-0.10354338586330414,18.65857887,3730,0.0003,4,864224,0.07402236014604568
220.25,205527,867087,-18.756698608398438,3.25520658493042,-0.1156979501247406,19.21164541,3740,0.0003,4,866986,0.08477665483951569
227.4,206142,870096,-19.027477264404297,3.858778953552246,0.22859257459640503,17.34587598,3750,0.0003,4,869995,0.09047485888004303
223.57,206670,872455,-19.790586471557617,13.589229583740234,-0.17499780654907227,16.17669802,3760,0.0003,4,872354,0.10074778646230698
222.63,207216,874764,-20.77071762084961,4.956750392913818,-0.30987149477005005,13.496643069999998,3770,0.0003,4,874663,0.09968535602092743
220.72,207748,877015,-21.202049255371094,3.7413740158081055,0.04723562300205231,13.421088479999998,3780,0.0003,4,876914,0.09738250821828842
227.69,208329,879698,-20.500770568847656,31.761613845825195,-0.142194464802742,10.920011429999999,3790,0.0003,4,879597,0.09000498056411743
230.99,208865,881876,-19.383195877075195,15.026544570922852,-0.17717410624027252,7.64106947,3800,0.0003,4,881775,0.08435145020484924
235.05,209409,884180,-18.43353271484375,34.03437042236328,-0.01446869969367981,7.05949068,3810,0.0003,4,884079,0.08317047357559204
241.4,209994,886898,-19.472183227539062,3.9122962951660156,-0.2239324301481247,4.89138035,3820,0.0003,4,886797,0.07958818972110748
243.91,210458,888716,-17.792133331298828,2.1060776710510254,-0.6653546094894409,-0.1739813999999987,3830,0.0003,4,888615,0.08106327056884766
247.98,211105,891885,-18.31023597717285,7.788668632507324,0.10955888777971268,-0.4832652799999998,3840,0.0003,4,891784,0.07632913440465927
247.02,211725,894798,-18.294462203979492,5.906975746154785,-0.4506431818008423,-0.9556496400000009,3850,0.0003,4,894697,0.07383783161640167
245.62,212255,897017,-16.23460578918457,4.363637447357178,-0.12412025034427643,3.7219650699999995,3860,0.0003,4,896916,0.07340572774410248
246.45,212812,899409,-16.157005310058594,73.65921020507812,-0.42798909544944763,6.914483250000001,3870,0.0003,4,899308,0.07381538301706314
240.33,213264,901048,-16.898056030273438,2.2305922508239746,-0.4036587178707123,7.17545478,3880,0.0003,4,900947,0.07421612739562988
232.83,213745,902981,-15.232667922973633,6.946942329406738,0.27266770601272583,8.62587703,3890,0.0003,4,902880,0.07283486425876617
232.43,214267,905119,-14.607762336730957,16.103464126586914,-0.5185341238975525,7.65447641,3900,0.0003,4,905018,0.07327251136302948
221.71,214670,906351,-14.029532432556152,3.049360990524292,-0.08686273545026779,9.33224761,3910,0.0003,4,906250,0.07292567938566208
216.3,215184,908528,-15.663813591003418,3.128626585006714,-0.46185749769210815,13.630290239999999,3920,0.0003,4,908427,0.07384923845529556
209.7,215575,909686,-14.619380950927734,3.2475719451904297,-0.5429577827453613,18.947264470000004,3930,0.0003,4,909585,0.07055684924125671
194.34,216030,911319,-15.110647201538086,2.4353442192077637,-0.034779757261276245,17.06129691,3940,0.0003,4,911218,0.07445190846920013
187.95,216564,913593,-14.426624298095703,8.838836669921875,-0.20957255363464355,20.27112161,3950,0.0003,4,913492,0.07332203537225723
183.23,217011,915340,-16.190738677978516,11.798208236694336,0.36558255553245544,20.62123466,3960,0.0003,4,915239,0.0698869526386261
174.49,217427,916858,-14.557920455932617,3.447385549545288,0.03689846396446228,20.923680790000002,3970,0.0003,4,916757,0.07165142893791199
172.73,217861,918321,-15.242579460144043,3.6368682384490967,0.5902352929115295,22.352133720000005,3980,0.0003,4,918220,0.07237154990434647
172.1,218335,920191,-15.590174674987793,8.832035064697266,0.06286352872848511,23.860396590000004,3990,0.0003,4,920090,0.07464215159416199
175.67,218902,922686,-16.33129119873047,1.988921880722046,-0.022101551294326782,29.441498800000005,4000,0.0003,4,922585,0.0731826201081276
181.06,219370,924457,-14.73560905456543,3.437561273574829,-0.7406197786331177,28.44111192999999,4010,0.0003,4,924356,0.07125821709632874
177.89,219843,926317,-14.460893630981445,13.319364547729492,0.24420225620269775,25.573067270000003,4020,0.0003,4,926216,0.06923513114452362
186.31,220340,928317,-13.291380882263184,1.9475698471069336,-0.08586858958005905,21.180498859999997,4030,0.0003,4,928216,0.0670408383011818
193.2,220872,930639,-13.904329299926758,6.357370376586914,0.12938550114631653,22.72628053,4040,0.0003,4,930538,0.06486736238002777
195.18,221445,933111,-12.777547836303711,56.92440414428711,-0.042878612875938416,21.797368130000006,4050,0.0003,4,933010,0.0642821416258812
207.32,222062,936072,-12.718799591064453,2.681246757507324,-0.35795241594314575,20.630949250000004,4060,0.0003,4,935971,0.06239396333694458
205.59,222463,937417,-13.48934268951416,5.260221481323242,-0.15481936931610107,19.073246490000002,4070,0.0003,4,937316,0.05851699411869049
214.01,223026,939722,-11.792496681213379,4.2191162109375,0.0066667161881923676,19.2061945,4080,0.0003,4,939621,0.06253068894147873
213.44,223483,941535,-11.156932830810547,3.469111919403076,-0.2520381510257721,9.281086389999999,4090,0.0003,4,941434,0.06255927681922913
205.56,223926,943242,-11.643077850341797,2.070194721221924,-0.06053847074508667,4.901823770000001,4100,0.0003,4,943141,0.05979510024189949
214.03,224501,945860,-11.509026527404785,3.447309970855713,-0.08878564834594727,6.404395589999999,4110,0.0003,4,945759,0.059965990483760834
215.05,224992,947822,-12.040154457092285,5.940710067749023,-0.07754642516374588,8.26624937,4120,0.0003,4,947721,0.0654982179403305
219.78,225545,950295,-10.453920364379883,5.538401126861572,-0.13389384746551514,10.52839445,4130,0.0003,4,950194,0.061872731894254684
217.24,226059,952363,-10.812085151672363,8.680648803710938,0.05870512127876282,12.11923241,4140,0.0003,4,952262,0.05915882810950279
210.21,226530,954132,-10.96746826171875,2.4912052154541016,-0.16042590141296387,11.651192610000003,4150,0.0003,4,954031,0.058813828974962234
199.78,227046,956050,-9.549442291259766,3.422658920288086,0.4871782660484314,10.746435540000002,4160,0.0003,4,955949,0.05931836739182472
212.11,227630,958628,-11.783029556274414,6.6941070556640625,0.15475547313690186,10.654343899999999,4170,0.0003,4,958527,0.06039060652256012
220.91,228298,961813,-11.544593811035156,1.579055905342102,-0.9696160554885864,14.420660260000002,4180,0.0003,4,961712,0.05886532738804817
223.28,228802,963863,-10.973970413208008,4.17043399810791,-0.11495974659919739,21.055468960000002,4190,0.0003,4,963762,0.057365283370018005
237.96,229455,967038,-11.643045425415039,4.353797435760498,-0.363092839717865,23.416719859999994,4200,0.0003,4,966937,0.055537398904561996
240.25,230085,969885,-11.621049880981445,3.7704458236694336,0.36589139699935913,22.52721375,4210,0.0003,4,969784,0.056091610342264175
253.41,230755,973163,-11.207775115966797,2.5327892303466797,0.02479977160692215,20.961613569999994,4220,0.0003,4,973062,0.055800911039114
260.87,231403,976382,-13.114439010620117,2.831803321838379,0.12182624638080597,20.959091139999995,4230,0.0003,4,976281,0.054493121802806854
273.98,232090,979761,-12.847724914550781,9.117116928100586,-0.3877967596054077,19.67459646,4240,0.0003,4,979660,0.05733310058712959
282.02,232668,982334,-13.87456226348877,47.64661407470703,0.6066605448722839,17.67055609,4250,0.0003,4,982233,0.05605853348970413
290.17,233295,985067,-12.47266960144043,48.46742248535156,-0.11965619027614594,14.81641507,4260,0.0003,4,984966,0.05581720918416977
286.63,233833,987291,-12.006924629211426,2.6144235134124756,-0.3556334674358368,13.946783449999998,4270,0.0003,4,987190,0.05171474814414978
290.69,234531,990882,-12.825693130493164,26.434738159179688,0.27723562717437744,13.258837939999996,4280,0.0003,4,990781,0.05324873700737953
298.8,235178,993743,-12.142375946044922,35.09667205810547,-0.15530824661254883,14.633074120000002,4290,0.0003,4,993642,0.05720382183790207
298.38,235886,996876,-11.218111038208008,7.154942989349365,0.3036271929740906,12.780307460000001,4300,0.0003,4,996775,0.06320732086896896
299.6,236562,999845,-11.485162734985352,17.279136657714844,0.2535228133201599,8.576645410000001,4310,0.0003,4,999744,0.06141652911901474
